#filename,file_size,file_attributes,region_count,region_id,region_shape_attributes,region_attributes
image0.jpg,9694,"{}",1,0,"{""name"":""rect"",""x"":34,""y"":7,""width"":121,""height"":254}","{}"
image1.jpg,8594,"{}",1,0,"{""name"":""rect"",""x"":20,""y"":7,""width"":237,""height"":168}","{}"
image2.jpg,9074,"{}",2,0,"{""name"":""rect"",""x"":14,""y"":50,""width"":89,""height"":117}","{}"
image2.jpg,9074,"{}",2,1,"{""name"":""rect"",""x"":122,""y"":77,""width"":41,""height"":81}","{}"
image3.jpg,13000,"{}",1,0,"{""name"":""rect"",""x"":28,""y"":17,""width"":160,""height"":189}","{}"
image4.jpg,8510,"{}",1,0,"{""name"":""rect"",""x"":52,""y"":24,""width"":165,""height"":142}","{}"
image5.jpg,11865,"{}",2,0,"{""name"":""rect"",""x"":58,""y"":7,""width"":102,""height"":135}","{}"
image5.jpg,11865,"{}",2,1,"{""name"":""rect"",""x"":166,""y"":61,""width"":56,""height"":82}","{}"
image6.jpg,6405,"{}",1,0,"{""name"":""rect"",""x"":95,""y"":9,""width"":142,""height"":115}","{}"
image7.jpg,13277,"{}",1,0,"{""name"":""rect"",""x"":52,""y"":29,""width"":169,""height"":131}","{}"
image8.jpg,10511,"{}",2,0,"{""name"":""rect"",""x"":28,""y"":26,""width"":102,""height"":132}","{}"
image8.jpg,10511,"{}",2,1,"{""name"":""rect"",""x"":165,""y"":11,""width"":109,""height"":147}","{}"
image9.jpg,7680,"{}",1,0,"{""name"":""rect"",""x"":46,""y"":3,""width"":228,""height"":152}","{}"
image10.jpg,9355,"{}",1,0,"{""name"":""rect"",""x"":35,""y"":23,""width"":154,""height"":150}","{}"
image11.jpg,10661,"{}",7,0,"{""name"":""rect"",""x"":60,""y"":68,""width"":38,""height"":87}","{}"
image11.jpg,10661,"{}",7,1,"{""name"":""rect"",""x"":5,""y"":23,""width"":59,""height"":136}","{}"
image11.jpg,10661,"{}",7,2,"{""name"":""rect"",""x"":66,""y"":2,""width"":68,""height"":49}","{}"
image11.jpg,10661,"{}",7,3,"{""name"":""rect"",""x"":129,""y"":8,""width"":51,""height"":119}","{}"
image11.jpg,10661,"{}",7,4,"{""name"":""rect"",""x"":186,""y"":3,""width"":25,""height"":39}","{}"
image11.jpg,10661,"{}",7,5,"{""name"":""rect"",""x"":203,""y"":45,""width"":94,""height"":110}","{}"
image11.jpg,10661,"{}",7,6,"{""name"":""rect"",""x"":130,""y"":130,""width"":90,""height"":30}","{}"
image12.jpg,7644,"{}",1,0,"{""name"":""rect"",""x"":18,""y"":29,""width"":209,""height"":173}","{}"
image13.jpg,6120,"{}",1,0,"{""name"":""rect"",""x"":10,""y"":18,""width"":210,""height"":172}","{}"
image14.jpg,7297,"{}",1,0,"{""name"":""rect"",""x"":35,""y"":15,""width"":214,""height"":161}","{}"
image15.jpg,5944,"{}",1,0,"{""name"":""rect"",""x"":49,""y"":27,""width"":171,""height"":179}","{}"
image16.jpg,10149,"{}",1,0,"{""name"":""rect"",""x"":38,""y"":36,""width"":135,""height"":73}","{}"
image17.jpg,8509,"{}",2,0,"{""name"":""rect"",""x"":1,""y"":36,""width"":160,""height"":223}","{}"
image17.jpg,8509,"{}",2,1,"{""name"":""rect"",""x"":77,""y"":131,""width"":77,""height"":110}","{}"
image18.jpg,12957,"{}",2,0,"{""name"":""rect"",""x"":84,""y"":141,""width"":103,""height"":104}","{}"
image18.jpg,12957,"{}",2,1,"{""name"":""rect"",""x"":9,""y"":11,""width"":182,""height"":240}","{}"
image19.jpg,7191,"{}",1,0,"{""name"":""rect"",""x"":27,""y"":7,""width"":189,""height"":188}","{}"
image20.jpg,8460,"{}",1,0,"{""name"":""rect"",""x"":22,""y"":15,""width"":187,""height"":191}","{}"
image21.jpg,12497,"{}",1,0,"{""name"":""rect"",""x"":55,""y"":48,""width"":126,""height"":117}","{}"
image22.jpg,11084,"{}",1,0,"{""name"":""rect"",""x"":85,""y"":4,""width"":197,""height"":149}","{}"
image23.jpg,13167,"{}",1,0,"{""name"":""rect"",""x"":14,""y"":17,""width"":152,""height"":229}","{}"
image24.jpg,7824,"{}",1,0,"{""name"":""rect"",""x"":44,""y"":27,""width"":208,""height"":153}","{}"
image25.jpg,9074,"{}",1,0,"{""name"":""rect"",""x"":176,""y"":34,""width"":81,""height"":127}","{}"
image26.jpg,9016,"{}",2,0,"{""name"":""rect"",""x"":46,""y"":17,""width"":217,""height"":137}","{}"
image26.jpg,9016,"{}",2,1,"{""name"":""rect"",""x"":110,""y"":25,""width"":133,""height"":58}","{}"
image27.jpg,8558,"{}",1,0,"{""name"":""rect"",""x"":24,""y"":24,""width"":199,""height"":144}","{}"
image28.jpg,8111,"{}",1,0,"{""name"":""rect"",""x"":74,""y"":20,""width"":136,""height"":155}","{}"
image29.jpg,11515,"{}",6,0,"{""name"":""rect"",""x"":1,""y"":17,""width"":43,""height"":70}","{}"
image29.jpg,11515,"{}",6,1,"{""name"":""rect"",""x"":64,""y"":25,""width"":86,""height"":115}","{}"
image29.jpg,11515,"{}",6,2,"{""name"":""rect"",""x"":144,""y"":3,""width"":50,""height"":53}","{}"
image29.jpg,11515,"{}",6,3,"{""name"":""rect"",""x"":182,""y"":44,""width"":58,""height"":77}","{}"
image29.jpg,11515,"{}",6,4,"{""name"":""rect"",""x"":237,""y"":5,""width"":59,""height"":63}","{}"
image29.jpg,11515,"{}",6,5,"{""name"":""rect"",""x"":253,""y"":60,""width"":64,""height"":90}","{}"
image30.jpg,10340,"{}",1,0,"{""name"":""rect"",""x"":52,""y"":6,""width"":122,""height"":107}","{}"
image31.jpg,6628,"{}",1,0,"{""name"":""rect"",""x"":23,""y"":5,""width"":253,""height"":153}","{}"
image32.jpg,12871,"{}",2,0,"{""name"":""rect"",""x"":11,""y"":7,""width"":120,""height"":175}","{}"
image32.jpg,12871,"{}",2,1,"{""name"":""rect"",""x"":138,""y"":8,""width"":119,""height"":172}","{}"
image33.jpg,9072,"{}",2,0,"{""name"":""rect"",""x"":5,""y"":43,""width"":94,""height"":133}","{}"
image33.jpg,9072,"{}",2,1,"{""name"":""rect"",""x"":121,""y"":77,""width"":40,""height"":78}","{}"
image34.jpg,6120,"{}",1,0,"{""name"":""rect"",""x"":8,""y"":29,""width"":221,""height"":159}","{}"
image35.jpg,10177,"{}",2,0,"{""name"":""rect"",""x"":77,""y"":131,""width"":52,""height"":60}","{}"
image35.jpg,10177,"{}",2,1,"{""name"":""rect"",""x"":33,""y"":31,""width"":119,""height"":215}","{}"
image36.jpg,10281,"{}",2,0,"{""name"":""rect"",""x"":12,""y"":71,""width"":112,""height"":115}","{}"
image36.jpg,10281,"{}",2,1,"{""name"":""rect"",""x"":89,""y"":10,""width"":101,""height"":94}","{}"
image37.jpg,8792,"{}",5,0,"{""name"":""rect"",""x"":104,""y"":83,""width"":28,""height"":84}","{}"
image37.jpg,8792,"{}",5,1,"{""name"":""rect"",""x"":46,""y"":43,""width"":53,""height"":136}","{}"
image37.jpg,8792,"{}",5,2,"{""name"":""rect"",""x"":4,""y"":26,""width"":38,""height"":124}","{}"
image37.jpg,8792,"{}",5,3,"{""name"":""rect"",""x"":140,""y"":24,""width"":57,""height"":153}","{}"
image37.jpg,8792,"{}",5,4,"{""name"":""rect"",""x"":190,""y"":44,""width"":66,""height"":120}","{}"
image38.jpg,11636,"{}",2,0,"{""name"":""rect"",""x"":45,""y"":38,""width"":88,""height"":138}","{}"
image38.jpg,11636,"{}",2,1,"{""name"":""rect"",""x"":142,""y"":67,""width"":77,""height"":114}","{}"
image39.jpg,13200,"{}",1,0,"{""name"":""rect"",""x"":68,""y"":6,""width"":181,""height"":143}","{}"
image40.jpg,10128,"{}",1,0,"{""name"":""rect"",""x"":82,""y"":5,""width"":190,""height"":163}","{}"
image41.jpg,12576,"{}",1,0,"{""name"":""rect"",""x"":101,""y"":5,""width"":136,""height"":151}","{}"
image42.jpg,7091,"{}",2,0,"{""name"":""rect"",""x"":82,""y"":77,""width"":140,""height"":112}","{}"
image42.jpg,7091,"{}",2,1,"{""name"":""rect"",""x"":51,""y"":53,""width"":72,""height"":64}","{}"
image43.jpg,9965,"{}",1,0,"{""name"":""rect"",""x"":74,""y"":2,""width"":150,""height"":151}","{}"
image44.jpg,10374,"{}",1,0,"{""name"":""rect"",""x"":169,""y"":3,""width"":82,""height"":186}","{}"
image45.jpg,14687,"{}",3,0,"{""name"":""rect"",""x"":24,""y"":32,""width"":82,""height"":120}","{}"
image45.jpg,14687,"{}",3,1,"{""name"":""rect"",""x"":116,""y"":30,""width"":65,""height"":116}","{}"
image45.jpg,14687,"{}",3,2,"{""name"":""rect"",""x"":189,""y"":28,""width"":67,""height"":104}","{}"
image46.jpg,7680,"{}",1,0,"{""name"":""rect"",""x"":93,""y"":25,""width"":161,""height"":147}","{}"
image47.jpg,12092,"{}",2,0,"{""name"":""rect"",""x"":6,""y"":22,""width"":150,""height"":155}","{}"
image47.jpg,12092,"{}",2,1,"{""name"":""rect"",""x"":162,""y"":17,""width"":108,""height"":162}","{}"
image48.jpg,14840,"{}",1,0,"{""name"":""rect"",""x"":109,""y"":52,""width"":102,""height"":126}","{}"
image49.jpg,13048,"{}",1,0,"{""name"":""rect"",""x"":95,""y"":16,""width"":121,""height"":148}","{}"
image50.jpg,11729,"{}",2,0,"{""name"":""rect"",""x"":26,""y"":22,""width"":103,""height"":142}","{}"
image50.jpg,11729,"{}",2,1,"{""name"":""rect"",""x"":134,""y"":23,""width"":87,""height"":151}","{}"
image51.jpg,7659,"{}",1,0,"{""name"":""rect"",""x"":7,""y"":9,""width"":224,""height"":165}","{}"
image52.jpg,7612,"{}",1,0,"{""name"":""rect"",""x"":77,""y"":24,""width"":212,""height"":137}","{}"
image53.jpg,8112,"{}",1,0,"{""name"":""rect"",""x"":66,""y"":15,""width"":152,""height"":162}","{}"
image54.jpg,8420,"{}",1,0,"{""name"":""rect"",""x"":47,""y"":1,""width"":194,""height"":173}","{}"
image55.jpg,11436,"{}",1,0,"{""name"":""rect"",""x"":10,""y"":3,""width"":284,""height"":160}","{}"
image56.jpg,9725,"{}",1,0,"{""name"":""rect"",""x"":20,""y"":5,""width"":242,""height"":165}","{}"
image57.jpg,10958,"{}",1,0,"{""name"":""rect"",""x"":174,""y"":21,""width"":81,""height"":116}","{}"
image58.jpg,7634,"{}",1,0,"{""name"":""rect"",""x"":66,""y"":21,""width"":165,""height"":169}","{}"
image59.jpg,7797,"{}",1,0,"{""name"":""rect"",""x"":11,""y"":27,""width"":168,""height"":137}","{}"
image60.jpg,10132,"{}",1,0,"{""name"":""rect"",""x"":28,""y"":46,""width"":186,""height"":173}","{}"
image61.jpg,7990,"{}",1,0,"{""name"":""rect"",""x"":96,""y"":23,""width"":157,""height"":136}","{}"
image62.jpg,9753,"{}",2,0,"{""name"":""rect"",""x"":25,""y"":8,""width"":77,""height"":145}","{}"
image62.jpg,9753,"{}",2,1,"{""name"":""rect"",""x"":101,""y"":46,""width"":59,""height"":102}","{}"
image63.jpg,7065,"{}",1,0,"{""name"":""rect"",""x"":22,""y"":22,""width"":182,""height"":193}","{}"
image64.jpg,10421,"{}",1,0,"{""name"":""rect"",""x"":25,""y"":16,""width"":164,""height"":233}","{}"
image65.jpg,8328,"{}",1,0,"{""name"":""rect"",""x"":57,""y"":11,""width"":169,""height"":157}","{}"
image66.jpg,7774,"{}",2,0,"{""name"":""rect"",""x"":4,""y"":23,""width"":159,""height"":138}","{}"
image66.jpg,7774,"{}",2,1,"{""name"":""rect"",""x"":138,""y"":4,""width"":156,""height"":158}","{}"
image67.jpg,11023,"{}",1,0,"{""name"":""rect"",""x"":36,""y"":17,""width"":143,""height"":153}","{}"
image68.jpg,10749,"{}",1,0,"{""name"":""rect"",""x"":8,""y"":10,""width"":200,""height"":222}","{}"
image69.jpg,9114,"{}",2,0,"{""name"":""rect"",""x"":15,""y"":14,""width"":97,""height"":148}","{}"
image69.jpg,9114,"{}",2,1,"{""name"":""rect"",""x"":96,""y"":1,""width"":161,""height"":174}","{}"
image70.jpg,10695,"{}",2,0,"{""name"":""rect"",""x"":26,""y"":7,""width"":101,""height"":127}","{}"
image70.jpg,10695,"{}",2,1,"{""name"":""rect"",""x"":182,""y"":42,""width"":110,""height"":120}","{}"
image71.jpg,7143,"{}",1,0,"{""name"":""rect"",""x"":9,""y"":12,""width"":212,""height"":199}","{}"
image72.jpg,12008,"{}",1,0,"{""name"":""rect"",""x"":72,""y"":26,""width"":141,""height"":139}","{}"
image73.jpg,8988,"{}",2,0,"{""name"":""rect"",""x"":57,""y"":127,""width"":97,""height"":127}","{}"
image73.jpg,8988,"{}",2,1,"{""name"":""rect"",""x"":2,""y"":1,""width"":180,""height"":255}","{}"
image74.jpg,8083,"{}",1,0,"{""name"":""rect"",""x"":74,""y"":10,""width"":193,""height"":171}","{}"
image75.jpg,12660,"{}",4,0,"{""name"":""rect"",""x"":169,""y"":103,""width"":63,""height"":90}","{}"
image75.jpg,12660,"{}",4,1,"{""name"":""rect"",""x"":145,""y"":126,""width"":43,""height"":72}","{}"
image75.jpg,12660,"{}",4,2,"{""name"":""rect"",""x"":54,""y"":93,""width"":65,""height"":92}","{}"
image75.jpg,12660,"{}",4,3,"{""name"":""rect"",""x"":48,""y"":6,""width"":115,""height"":163}","{}"
image76.jpg,12110,"{}",1,0,"{""name"":""rect"",""x"":1,""y"":14,""width"":168,""height"":162}","{}"
image77.jpg,8660,"{}",1,0,"{""name"":""rect"",""x"":51,""y"":41,""width"":85,""height"":164}","{}"
image78.jpg,13137,"{}",2,0,"{""name"":""rect"",""x"":90,""y"":76,""width"":84,""height"":166}","{}"
image78.jpg,13137,"{}",2,1,"{""name"":""rect"",""x"":5,""y"":67,""width"":98,""height"":203}","{}"
image79.jpg,9844,"{}",1,0,"{""name"":""rect"",""x"":39,""y"":37,""width"":125,""height"":199}","{}"
image80.jpg,8279,"{}",1,0,"{""name"":""rect"",""x"":124,""y"":14,""width"":139,""height"":150}","{}"
image81.jpg,13052,"{}",5,0,"{""name"":""rect"",""x"":46,""y"":52,""width"":66,""height"":103}","{}"
image81.jpg,13052,"{}",5,1,"{""name"":""rect"",""x"":114,""y"":57,""width"":41,""height"":105}","{}"
image81.jpg,13052,"{}",5,2,"{""name"":""rect"",""x"":154,""y"":20,""width"":69,""height"":140}","{}"
image81.jpg,13052,"{}",5,3,"{""name"":""rect"",""x"":1,""y"":37,""width"":38,""height"":96}","{}"
image81.jpg,13052,"{}",5,4,"{""name"":""rect"",""x"":15,""y"":116,""width"":54,""height"":66}","{}"
image82.jpg,6374,"{}",1,0,"{""name"":""rect"",""x"":32,""y"":13,""width"":180,""height"":171}","{}"
image83.jpg,10367,"{}",1,0,"{""name"":""rect"",""x"":55,""y"":8,""width"":176,""height"":195}","{}"
image84.jpg,11915,"{}",3,0,"{""name"":""rect"",""x"":8,""y"":13,""width"":101,""height"":163}","{}"
image84.jpg,11915,"{}",3,1,"{""name"":""rect"",""x"":87,""y"":13,""width"":69,""height"":153}","{}"
image84.jpg,11915,"{}",3,2,"{""name"":""rect"",""x"":138,""y"":14,""width"":99,""height"":172}","{}"
image85.jpg,9380,"{}",2,0,"{""name"":""rect"",""x"":132,""y"":58,""width"":131,""height"":120}","{}"
image85.jpg,9380,"{}",2,1,"{""name"":""rect"",""x"":52,""y"":8,""width"":102,""height"":111}","{}"
image86.jpg,12481,"{}",2,0,"{""name"":""rect"",""x"":29,""y"":1,""width"":132,""height"":171}","{}"
image86.jpg,12481,"{}",2,1,"{""name"":""rect"",""x"":147,""y"":3,""width"":74,""height"":76}","{}"
image87.jpg,8728,"{}",1,0,"{""name"":""rect"",""x"":47,""y"":5,""width"":129,""height"":125}","{}"
image88.jpg,11926,"{}",2,0,"{""name"":""rect"",""x"":136,""y"":36,""width"":123,""height"":129}","{}"
image88.jpg,11926,"{}",2,1,"{""name"":""rect"",""x"":100,""y"":87,""width"":69,""height"":75}","{}"
image89.jpg,10750,"{}",1,0,"{""name"":""rect"",""x"":26,""y"":12,""width"":168,""height"":190}","{}"
image90.jpg,10173,"{}",2,0,"{""name"":""rect"",""x"":30,""y"":32,""width"":130,""height"":96}","{}"
image90.jpg,10173,"{}",2,1,"{""name"":""rect"",""x"":52,""y"":125,""width"":107,""height"":67}","{}"
image91.jpg,12345,"{}",3,0,"{""name"":""rect"",""x"":32,""y"":88,""width"":86,""height"":81}","{}"
image91.jpg,12345,"{}",3,1,"{""name"":""rect"",""x"":144,""y"":65,""width"":123,""height"":111}","{}"
image91.jpg,12345,"{}",3,2,"{""name"":""rect"",""x"":28,""y"":43,""width"":74,""height"":45}","{}"
image92.jpg,9381,"{}",1,0,"{""name"":""rect"",""x"":18,""y"":6,""width"":122,""height"":130}","{}"
image93.jpg,6302,"{}",1,0,"{""name"":""rect"",""x"":21,""y"":23,""width"":188,""height"":194}","{}"
image94.jpg,10019,"{}",2,0,"{""name"":""rect"",""x"":18,""y"":54,""width"":126,""height"":151}","{}"
image94.jpg,10019,"{}",2,1,"{""name"":""rect"",""x"":136,""y"":7,""width"":98,""height"":157}","{}"
image95.jpg,15430,"{}",2,0,"{""name"":""rect"",""x"":121,""y"":53,""width"":78,""height"":113}","{}"
image95.jpg,15430,"{}",2,1,"{""name"":""rect"",""x"":51,""y"":32,""width"":75,""height"":126}","{}"
image96.jpg,13278,"{}",1,0,"{""name"":""rect"",""x"":37,""y"":25,""width"":196,""height"":128}","{}"
image97.jpg,12585,"{}",2,0,"{""name"":""rect"",""x"":13,""y"":35,""width"":94,""height"":146}","{}"
image97.jpg,12585,"{}",2,1,"{""name"":""rect"",""x"":113,""y"":33,""width"":105,""height"":150}","{}"
image98.jpg,7911,"{}",1,0,"{""name"":""rect"",""x"":59,""y"":13,""width"":105,""height"":131}","{}"
image99.jpg,7540,"{}",1,0,"{""name"":""rect"",""x"":72,""y"":25,""width"":130,""height"":139}","{}"
image100.jpg,7963,"{}",1,0,"{""name"":""rect"",""x"":40,""y"":26,""width"":172,""height"":166}","{}"
image101.jpg,11172,"{}",1,0,"{""name"":""rect"",""x"":25,""y"":35,""width"":233,""height"":115}","{}"
image102.jpg,6628,"{}",1,0,"{""name"":""rect"",""x"":22,""y"":3,""width"":264,""height"":158}","{}"
image103.jpg,10956,"{}",2,0,"{""name"":""rect"",""x"":138,""y"":21,""width"":109,""height"":165}","{}"
image103.jpg,10956,"{}",2,1,"{""name"":""rect"",""x"":19,""y"":26,""width"":133,""height"":160}","{}"
image104.jpg,4909,"{}",1,0,"{""name"":""rect"",""x"":55,""y"":30,""width"":143,""height"":150}","{}"
image105.jpg,10938,"{}",1,0,"{""name"":""rect"",""x"":51,""y"":11,""width"":188,""height"":147}","{}"
image106.jpg,11520,"{}",1,0,"{""name"":""rect"",""x"":65,""y"":16,""width"":118,""height"":143}","{}"
image107.jpg,10040,"{}",1,0,"{""name"":""rect"",""x"":11,""y"":2,""width"":285,""height"":136}","{}"
image108.jpg,12628,"{}",1,0,"{""name"":""rect"",""x"":40,""y"":63,""width"":84,""height"":104}","{}"
image109.jpg,8623,"{}",1,0,"{""name"":""rect"",""x"":20,""y"":25,""width"":148,""height"":189}","{}"
image110.jpg,10315,"{}",1,0,"{""name"":""rect"",""x"":83,""y"":8,""width"":191,""height"":161}","{}"
image111.jpg,8083,"{}",1,0,"{""name"":""rect"",""x"":70,""y"":6,""width"":202,""height"":159}","{}"
image112.jpg,10945,"{}",1,0,"{""name"":""rect"",""x"":179,""y"":19,""width"":83,""height"":119}","{}"
image113.jpg,9168,"{}",2,0,"{""name"":""rect"",""x"":135,""y"":15,""width"":128,""height"":149}","{}"
image113.jpg,9168,"{}",2,1,"{""name"":""rect"",""x"":4,""y"":13,""width"":126,""height"":154}","{}"
image114.jpg,13716,"{}",1,0,"{""name"":""rect"",""x"":10,""y"":14,""width"":143,""height"":231}","{}"
image115.jpg,5944,"{}",1,0,"{""name"":""rect"",""x"":44,""y"":18,""width"":177,""height"":200}","{}"
image116.jpg,8973,"{}",1,0,"{""name"":""rect"",""x"":40,""y"":5,""width"":176,""height"":168}","{}"
image117.jpg,6374,"{}",1,0,"{""name"":""rect"",""x"":25,""y"":14,""width"":193,""height"":174}","{}"
image118.jpg,16524,"{}",1,0,"{""name"":""rect"",""x"":21,""y"":19,""width"":212,""height"":153}","{}"
image119.jpg,10031,"{}",3,0,"{""name"":""rect"",""x"":41,""y"":68,""width"":61,""height"":99}","{}"
image119.jpg,10031,"{}",3,1,"{""name"":""rect"",""x"":97,""y"":10,""width"":91,""height"":140}","{}"
image119.jpg,10031,"{}",3,2,"{""name"":""rect"",""x"":142,""y"":60,""width"":100,""height"":99}","{}"
image120.jpg,12244,"{}",1,0,"{""name"":""rect"",""x"":41,""y"":46,""width"":196,""height"":124}","{}"
image121.jpg,11226,"{}",1,0,"{""name"":""rect"",""x"":28,""y"":63,""width"":146,""height"":171}","{}"
image122.jpg,10659,"{}",6,0,"{""name"":""rect"",""x"":34,""y"":11,""width"":67,""height"":119}","{}"
image122.jpg,10659,"{}",6,1,"{""name"":""rect"",""x"":96,""y"":54,""width"":38,""height"":74}","{}"
image122.jpg,10659,"{}",6,2,"{""name"":""rect"",""x"":130,""y"":17,""width"":66,""height"":106}","{}"
image122.jpg,10659,"{}",6,3,"{""name"":""rect"",""x"":152,""y"":64,""width"":31,""height"":55}","{}"
image122.jpg,10659,"{}",6,4,"{""name"":""rect"",""x"":202,""y"":24,""width"":60,""height"":107}","{}"
image122.jpg,10659,"{}",6,5,"{""name"":""rect"",""x"":241,""y"":63,""width"":46,""height"":62}","{}"
image123.jpg,11100,"{}",1,0,"{""name"":""rect"",""x"":28,""y"":25,""width"":90,""height"":157}","{}"
image124.jpg,10714,"{}",3,0,"{""name"":""rect"",""x"":25,""y"":32,""width"":85,""height"":190}","{}"
image124.jpg,10714,"{}",3,1,"{""name"":""rect"",""x"":99,""y"":83,""width"":49,""height"":113}","{}"
image124.jpg,10714,"{}",3,2,"{""name"":""rect"",""x"":110,""y"":7,""width"":110,""height"":202}","{}"
image125.jpg,8895,"{}",1,0,"{""name"":""rect"",""x"":52,""y"":37,""width"":215,""height"":115}","{}"
image126.jpg,10235,"{}",1,0,"{""name"":""rect"",""x"":18,""y"":11,""width"":214,""height"":171}","{}"
image127.jpg,14670,"{}",1,0,"{""name"":""rect"",""x"":10,""y"":14,""width"":151,""height"":161}","{}"
image128.jpg,11022,"{}",1,0,"{""name"":""rect"",""x"":30,""y"":10,""width"":256,""height"":152}","{}"
image129.jpg,7205,"{}",1,0,"{""name"":""rect"",""x"":5,""y"":1,""width"":176,""height"":253}","{}"
image130.jpg,8593,"{}",1,0,"{""name"":""rect"",""x"":21,""y"":7,""width"":247,""height"":167}","{}"
image131.jpg,11066,"{}",3,0,"{""name"":""rect"",""x"":45,""y"":23,""width"":136,""height"":192}","{}"
image131.jpg,11066,"{}",3,1,"{""name"":""rect"",""x"":162,""y"":29,""width"":58,""height"":93}","{}"
image131.jpg,11066,"{}",3,2,"{""name"":""rect"",""x"":9,""y"":12,""width"":57,""height"":98}","{}"
image132.jpg,8660,"{}",1,0,"{""name"":""rect"",""x"":48,""y"":41,""width"":88,""height"":186}","{}"
image133.jpg,9188,"{}",1,0,"{""name"":""rect"",""x"":34,""y"":17,""width"":214,""height"":146}","{}"
image134.jpg,7742,"{}",1,0,"{""name"":""rect"",""x"":61,""y"":27,""width"":152,""height"":155}","{}"
image135.jpg,10855,"{}",2,0,"{""name"":""rect"",""x"":16,""y"":38,""width"":112,""height"":141}","{}"
image135.jpg,10855,"{}",2,1,"{""name"":""rect"",""x"":96,""y"":25,""width"":173,""height"":138}","{}"
image136.jpg,8431,"{}",1,0,"{""name"":""rect"",""x"":14,""y"":12,""width"":193,""height"":193}","{}"
image137.jpg,7878,"{}",1,0,"{""name"":""rect"",""x"":44,""y"":28,""width"":189,""height"":149}","{}"
image138.jpg,10458,"{}",1,0,"{""name"":""rect"",""x"":146,""y"":12,""width"":99,""height"":145}","{}"
image139.jpg,14121,"{}",1,0,"{""name"":""rect"",""x"":29,""y"":9,""width"":211,""height"":157}","{}"
image140.jpg,9311,"{}",1,0,"{""name"":""rect"",""x"":22,""y"":2,""width"":227,""height"":161}","{}"
image141.jpg,6942,"{}",1,0,"{""name"":""rect"",""x"":22,""y"":51,""width"":137,""height"":216}","{}"
image142.jpg,11417,"{}",1,0,"{""name"":""rect"",""x"":24,""y"":12,""width"":175,""height"":191}","{}"
image143.jpg,11307,"{}",1,0,"{""name"":""rect"",""x"":28,""y"":61,""width"":111,""height"":114}","{}"
image144.jpg,10377,"{}",2,0,"{""name"":""rect"",""x"":11,""y"":35,""width"":162,""height"":112}","{}"
image144.jpg,10377,"{}",2,1,"{""name"":""rect"",""x"":152,""y"":11,""width"":145,""height"":144}","{}"
image145.jpg,7823,"{}",1,0,"{""name"":""rect"",""x"":19,""y"":8,""width"":208,""height"":158}","{}"
image146.jpg,11816,"{}",1,0,"{""name"":""rect"",""x"":80,""y"":3,""width"":228,""height"":140}","{}"
image147.jpg,8911,"{}",2,0,"{""name"":""rect"",""x"":64,""y"":4,""width"":93,""height"":128}","{}"
image147.jpg,8911,"{}",2,1,"{""name"":""rect"",""x"":165,""y"":19,""width"":132,""height"":130}","{}"
image148.jpg,12723,"{}",1,0,"{""name"":""rect"",""x"":81,""y"":19,""width"":186,""height"":137}","{}"
image149.jpg,8685,"{}",1,0,"{""name"":""rect"",""x"":25,""y"":25,""width"":205,""height"":157}","{}"
image150.jpg,9171,"{}",1,0,"{""name"":""rect"",""x"":43,""y"":9,""width"":150,""height"":220}","{}"
image151.jpg,9691,"{}",1,0,"{""name"":""rect"",""x"":14,""y"":26,""width"":171,""height"":216}","{}"
image152.jpg,11278,"{}",1,0,"{""name"":""rect"",""x"":87,""y"":30,""width"":90,""height"":129}","{}"
image153.jpg,11478,"{}",4,0,"{""name"":""rect"",""x"":29,""y"":42,""width"":73,""height"":138}","{}"
image153.jpg,11478,"{}",4,1,"{""name"":""rect"",""x"":94,""y"":65,""width"":43,""height"":124}","{}"
image153.jpg,11478,"{}",4,2,"{""name"":""rect"",""x"":128,""y"":67,""width"":42,""height"":83}","{}"
image153.jpg,11478,"{}",4,3,"{""name"":""rect"",""x"":167,""y"":69,""width"":80,""height"":121}","{}"
image154.jpg,7447,"{}",1,0,"{""name"":""rect"",""x"":54,""y"":24,""width"":130,""height"":159}","{}"
image155.jpg,14880,"{}",1,0,"{""name"":""rect"",""x"":3,""y"":15,""width"":160,""height"":247}","{}"
image156.jpg,8682,"{}",1,0,"{""name"":""rect"",""x"":19,""y"":11,""width"":241,""height"":161}","{}"
image157.jpg,11172,"{}",1,0,"{""name"":""rect"",""x"":27,""y"":30,""width"":225,""height"":126}","{}"
image158.jpg,7763,"{}",1,0,"{""name"":""rect"",""x"":52,""y"":16,""width"":202,""height"":135}","{}"
image159.jpg,13503,"{}",1,0,"{""name"":""rect"",""x"":58,""y"":19,""width"":122,""height"":160}","{}"
image160.jpg,9657,"{}",1,0,"{""name"":""rect"",""x"":19,""y"":8,""width"":247,""height"":160}","{}"
image161.jpg,9268,"{}",1,0,"{""name"":""rect"",""x"":46,""y"":4,""width"":137,""height"":154}","{}"
image162.jpg,7692,"{}",1,0,"{""name"":""rect"",""x"":67,""y"":5,""width"":179,""height"":162}","{}"
image163.jpg,11081,"{}",1,0,"{""name"":""rect"",""x"":14,""y"":26,""width"":154,""height"":223}","{}"
image164.jpg,9460,"{}",2,0,"{""name"":""rect"",""x"":18,""y"":5,""width"":157,""height"":161}","{}"
image164.jpg,9460,"{}",2,1,"{""name"":""rect"",""x"":179,""y"":25,""width"":108,""height"":137}","{}"
image165.jpg,10163,"{}",1,0,"{""name"":""rect"",""x"":71,""y"":31,""width"":159,""height"":142}","{}"
image166.jpg,14403,"{}",3,0,"{""name"":""rect"",""x"":29,""y"":11,""width"":65,""height"":42}","{}"
image166.jpg,14403,"{}",3,1,"{""name"":""rect"",""x"":98,""y"":36,""width"":30,""height"":40}","{}"
image166.jpg,14403,"{}",3,2,"{""name"":""rect"",""x"":120,""y"":52,""width"":139,""height"":109}","{}"
image167.jpg,8788,"{}",1,0,"{""name"":""rect"",""x"":51,""y"":8,""width"":210,""height"":167}","{}"
image168.jpg,10975,"{}",2,0,"{""name"":""rect"",""x"":37,""y"":74,""width"":87,""height"":117}","{}"
image168.jpg,10975,"{}",2,1,"{""name"":""rect"",""x"":90,""y"":11,""width"":103,""height"":180}","{}"
image169.jpg,12416,"{}",1,0,"{""name"":""rect"",""x"":11,""y"":11,""width"":199,""height"":198}","{}"
image170.jpg,13731,"{}",1,0,"{""name"":""rect"",""x"":23,""y"":16,""width"":153,""height"":220}","{}"
image171.jpg,11454,"{}",3,0,"{""name"":""rect"",""x"":24,""y"":35,""width"":79,""height"":110}","{}"
image171.jpg,11454,"{}",3,1,"{""name"":""rect"",""x"":88,""y"":14,""width"":79,""height"":141}","{}"
image171.jpg,11454,"{}",3,2,"{""name"":""rect"",""x"":153,""y"":37,""width"":96,""height"":135}","{}"
image172.jpg,9470,"{}",2,0,"{""name"":""rect"",""x"":58,""y"":2,""width"":110,""height"":146}","{}"
image172.jpg,9470,"{}",2,1,"{""name"":""rect"",""x"":157,""y"":9,""width"":111,""height"":132}","{}"
image173.jpg,14888,"{}",1,0,"{""name"":""rect"",""x"":2,""y"":5,""width"":257,""height"":170}","{}"
image174.jpg,11522,"{}",6,0,"{""name"":""rect"",""x"":3,""y"":12,""width"":60,""height"":115}","{}"
image174.jpg,11522,"{}",6,1,"{""name"":""rect"",""x"":50,""y"":18,""width"":112,""height"":126}","{}"
image174.jpg,11522,"{}",6,2,"{""name"":""rect"",""x"":134,""y"":6,""width"":65,""height"":64}","{}"
image174.jpg,11522,"{}",6,3,"{""name"":""rect"",""x"":182,""y"":48,""width"":58,""height"":89}","{}"
image174.jpg,11522,"{}",6,4,"{""name"":""rect"",""x"":227,""y"":1,""width"":77,""height"":67}","{}"
image174.jpg,11522,"{}",6,5,"{""name"":""rect"",""x"":242,""y"":48,""width"":81,""height"":97}","{}"
image175.jpg,9311,"{}",1,0,"{""name"":""rect"",""x"":20,""y"":0,""width"":201,""height"":152}","{}"
image176.jpg,7544,"{}",1,0,"{""name"":""rect"",""x"":41,""y"":23,""width"":119,""height"":140}","{}"
image177.jpg,10967,"{}",1,0,"{""name"":""rect"",""x"":18,""y"":4,""width"":248,""height"":129}","{}"
image178.jpg,13912,"{}",2,0,"{""name"":""rect"",""x"":94,""y"":14,""width"":156,""height"":110}","{}"
image178.jpg,13912,"{}",2,1,"{""name"":""rect"",""x"":63,""y"":91,""width"":64,""height"":59}","{}"
image179.jpg,9887,"{}",2,0,"{""name"":""rect"",""x"":95,""y"":15,""width"":166,""height"":98}","{}"
image179.jpg,9887,"{}",2,1,"{""name"":""rect"",""x"":87,""y"":61,""width"":176,""height"":118}","{}"
image180.jpg,7571,"{}",1,0,"{""name"":""rect"",""x"":32,""y"":3,""width"":203,""height"":134}","{}"
image181.jpg,8240,"{}",1,0,"{""name"":""rect"",""x"":31,""y"":19,""width"":238,""height"":90}","{}"
image182.jpg,12097,"{}",1,0,"{""name"":""rect"",""x"":18,""y"":4,""width"":212,""height"":148}","{}"
image183.jpg,7756,"{}",1,0,"{""name"":""rect"",""x"":77,""y"":0,""width"":221,""height"":150}","{}"
image184.jpg,7867,"{}",1,0,"{""name"":""rect"",""x"":30,""y"":8,""width"":181,""height"":177}","{}"
image185.jpg,7247,"{}",1,0,"{""name"":""rect"",""x"":87,""y"":10,""width"":172,""height"":154}","{}"
image186.jpg,6628,"{}",1,0,"{""name"":""rect"",""x"":12,""y"":2,""width"":264,""height"":155}","{}"
image187.jpg,13724,"{}",1,0,"{""name"":""rect"",""x"":40,""y"":12,""width"":191,""height"":169}","{}"
image188.jpg,13000,"{}",1,0,"{""name"":""rect"",""x"":14,""y"":21,""width"":181,""height"":209}","{}"
image189.jpg,10661,"{}",8,0,"{""name"":""rect"",""x"":6,""y"":18,""width"":60,""height"":104}","{}"
image189.jpg,10661,"{}",8,1,"{""name"":""rect"",""x"":58,""y"":64,""width"":45,""height"":87}","{}"
image189.jpg,10661,"{}",8,2,"{""name"":""rect"",""x"":61,""y"":9,""width"":60,""height"":69}","{}"
image189.jpg,10661,"{}",8,3,"{""name"":""rect"",""x"":128,""y"":121,""width"":104,""height"":44}","{}"
image189.jpg,10661,"{}",8,4,"{""name"":""rect"",""x"":188,""y"":39,""width"":107,""height"":121}","{}"
image189.jpg,10661,"{}",8,5,"{""name"":""rect"",""x"":126,""y"":7,""width"":52,""height"":96}","{}"
image189.jpg,10661,"{}",8,6,"{""name"":""rect"",""x"":172,""y"":4,""width"":47,""height"":61}","{}"
image189.jpg,10661,"{}",8,7,"{""name"":""rect"",""x"":240,""y"":10,""width"":55,""height"":30}","{}"
image190.jpg,7569,"{}",3,0,"{""name"":""rect"",""x"":30,""y"":4,""width"":231,""height"":134}","{}"
image190.jpg,7569,"{}",3,1,"{""name"":""rect"",""x"":269,""y"":87,""width"":28,""height"":59}","{}"
image190.jpg,7569,"{}",3,2,"{""name"":""rect"",""x"":88,""y"":41,""width"":83,""height"":55}","{}"
image191.jpg,9096,"{}",2,0,"{""name"":""rect"",""x"":69,""y"":8,""width"":68,""height"":100}","{}"
image191.jpg,9096,"{}",2,1,"{""name"":""rect"",""x"":173,""y"":0,""width"":130,""height"":126}","{}"
image192.jpg,10477,"{}",1,0,"{""name"":""rect"",""x"":81,""y"":19,""width"":137,""height"":135}","{}"
image193.jpg,12936,"{}",2,0,"{""name"":""rect"",""x"":69,""y"":128,""width"":117,""height"":109}","{}"
image193.jpg,12936,"{}",2,1,"{""name"":""rect"",""x"":17,""y"":8,""width"":168,""height"":120}","{}"
image194.jpg,7295,"{}",1,0,"{""name"":""rect"",""x"":30,""y"":13,""width"":211,""height"":162}","{}"
image195.jpg,9357,"{}",1,0,"{""name"":""rect"",""x"":21,""y"":6,""width"":191,""height"":189}","{}"
image196.jpg,10513,"{}",2,0,"{""name"":""rect"",""x"":16,""y"":17,""width"":115,""height"":145}","{}"
image196.jpg,10513,"{}",2,1,"{""name"":""rect"",""x"":162,""y"":16,""width"":114,""height"":143}","{}"
image197.jpg,13276,"{}",1,0,"{""name"":""rect"",""x"":33,""y"":28,""width"":215,""height"":138}","{}"
image198.jpg,7824,"{}",1,0,"{""name"":""rect"",""x"":47,""y"":47,""width"":205,""height"":127}","{}"
image199.jpg,10624,"{}",5,0,"{""name"":""rect"",""x"":29,""y"":20,""width"":114,""height"":142}","{}"
image199.jpg,10624,"{}",5,1,"{""name"":""rect"",""x"":140,""y"":18,""width"":55,""height"":142}","{}"
image199.jpg,10624,"{}",5,2,"{""name"":""rect"",""x"":182,""y"":24,""width"":44,""height"":38}","{}"
image199.jpg,10624,"{}",5,3,"{""name"":""rect"",""x"":199,""y"":65,""width"":34,""height"":49}","{}"
image199.jpg,10624,"{}",5,4,"{""name"":""rect"",""x"":196,""y"":104,""width"":64,""height"":67}","{}"